{
 "version": "auto-py-to-exe-configuration_v1",
 "pyinstallerOptions": [
  {
   "optionDest": "noconfirm",
   "value": true
  },
  {
   "optionDest": "filenames",
   "value": "D:/data/doc/GitHub/MobaLedLib_pyProgGen/pyProg_Generator_MobaLedLib.py"
  },
  {
   "optionDest": "onefile",
   "value": true
  },
  {
   "optionDest": "console",
   "value": false
  },
  {
   "optionDest": "ascii",
   "value": false
  },
  {
   "optionDest": "clean_build",
   "value": false
  },
  {
   "optionDest": "strip",
   "value": false
  },
  {
   "optionDest": "noupx",
   "value": false
  },
  {
   "optionDest": "uac_admin",
   "value": false
  },
  {
   "optionDest": "uac_uiaccess",
   "value": false
  },
  {
   "optionDest": "win_private_assemblies",
   "value": false
  },
  {
   "optionDest": "win_no_prefer_redirects",
   "value": false
  },
  {
   "optionDest": "bootloader_ignore_signals",
   "value": false
  },
  {
   "optionDest": "datas",
   "value": "D:/data/doc/GitHub/MobaLedLib_pyProgGen/images;images/"
  },
  {
   "optionDest": "datas",
   "value": "D:/data/doc/GitHub/MobaLedLib_pyProgGen/lib;lib/"
  },
  {
   "optionDest": "datas",
   "value": "D:/data/doc/GitHub/MobaLedLib_pyProgGen/mlpyproggen;mlpyproggen/"
  },
  {
   "optionDest": "datas",
   "value": "D:/data/doc/GitHub/MobaLedLib_pyProgGen/scrolledFrame;scrolledFrame/"
  },
  {
   "optionDest": "datas",
   "value": "D:/data/doc/GitHub/MobaLedLib_pyProgGen/serial;serial/"
  },
  {
   "optionDest": "datas",
   "value": "D:/data/doc/GitHub/MobaLedLib_pyProgGen/tkcolorpicker;tkcolorpicker/"
  },
  {
   "optionDest": "datas",
   "value": "D:/data/doc/GitHub/MobaLedLib_pyProgGen/tools;tools/"
  },
  {
   "optionDest": "datas",
   "value": "D:/data/doc/GitHub/MobaLedLib_pyProgGen/MobaLedTest_macrodef.json;."
  },
  {
   "optionDest": "datas",
   "value": "D:/data/doc/GitHub/MobaLedLib_pyProgGen/MobaLedTest_macroparamdef.json;."
  }
 ],
 "nonPyinstallerOptions": {
  "increaseRecursionLimit": true,
  "manualArguments": ""
 }
}