{
    "serportnumber": 0,
    "serportname": "COM3",
    "baudrate": 115200,
    "maxLEDcount": 1,
    "lastLedCount": 1,
    "lastLed": 0,
    "pos_x": 10,
    "pos_y": 10,
    "colorview": 1,
    "startpage": 3,
    "startpagename": "Startseite",
    "led_correction_r": 255,
    "led_correction_g": 175,
    "led_correction_b": 239,
    "use_led_correction": true,
    "old_color": "#12110E",
    "palette": {
        "ROOM_COL0": "#0F0D03",
        "ROOM_COL1": "#162C1B",
        "ROOM_COL2": "#9B4905",
        "ROOM_COL3": "#271201",
        "ROOM_COL4": "#1E0000",
        "ROOM_COL5": "#4F2707",
        "GAS_LIGHT D": "#323232",
        "GAS LIGHT": "#FFFFFF",
        "NEON_LIGHT D": "#14141B",
        "NEON_LIGHT M": "#464650",
        "NEON_LIGHT": "#F5F5FF",
        "ROOM_TV0 A": "#323214",
        "ROOM_TV0 B": "#46461E",
        "ROOM_TV1 A": "#323208",
        "ROOM_TV1 B": "#323208",
        "SINGLE_LED": "#FFFFFF",
        "SINGLE_LED D": "#323232"
    },
    "effectpalette": {
        "House": {
            "ROOM_DARK": "#323232",
            "ROOM_BRIGHT": "#FFFFFF",
            "ROOM_WARM_W": "#934D08",
            "ROOM_RED": "#FF0000",
            "ROOM_D_RED": "#320009",
            "ROOM_COL0": "ROOM_COL0",
            "ROOM_COL1": "ROOM_COL1",
            "ROOM_COL2": "ROOM_COL2",
            "ROOM_COL3": "ROOM_COL3",
            "ROOM_COL4": "ROOM_COL4",
            "ROOM_COL5": "ROOM_COL5",
            "ROOM_COL345": "ROOM_COL3",
            "FIRE": "#000000",
            "FIRED": "#000000",
            "FIREB": "#000000",
            "ROOM_CHIMNEY": "#000000",
            "ROOM_CHIMNEYD": "#000000",
            "ROOM_CHIMNEYB": "#000000",
            "ROOM_TV0": "ROOM_TV0 A",
            "ROOM_TV0_CHIMNEY": "ROOM_TV0 A",
            "ROOM_TV0_CHIMNEYD": "ROOM_TV0 A",
            "ROOM_TV0_CHIMNEYB": "ROOM_TV0 A",
            "ROOM_TV1": "ROOM_TV1 A",
            "ROOM_TV1_CHIMNEY": "ROOM_TV1 A",
            "ROOM_TV1_CHIMNEYD": "ROOM_TV1 A",
            "ROOM_TV1_CHIMNEYB": "ROOM_TV1 A",
            "NEON_LIGHT": "NEON_LIGHT",
            "NEON_LIGHT_SGL": "NEON_LIGHT",
            "NEON_LIGHT1": "NEON_LIGHT",
            "NEON_LIGHT2": "NEON_LIGHT",
            "NEON_LIGHT3": "NEON_LIGHT",
            "NEON_LIGHTD": "NEON_LIGHT D",
            "NEON_LIGHTD_SGL": "NEON_LIGHT D",
            "NEON_LIGHT1D": "NEON_LIGHT D",
            "NEON_LIGHT2D": "NEON_LIGHT D",
            "NEON_LIGHT3D": "NEON_LIGHT D",
            "NEON_LIGHTM": "NEON_LIGHT M",
            "NEON_LIGHTM_SGL": "NEON_LIGHT M",
            "NEON_LIGHT1M": "NEON_LIGHT M",
            "NEON_LIGHT2M": "NEON_LIGHT M",
            "NEON_LIGHT3M": "NEON_LIGHT M",
            "NEON_LIGHTL": "#464650",
            "NEON_LIGHTL_SGL": "#464650",
            "NEON_LIGHT1L": "#464650",
            "NEON_LIGHT2L": "#464650",
            "NEON_LIGHT3L": "#464650",
            "NEON_DEF_D": "NEON_LIGHT D",
            "NEON_DEF_D_SGL": "NEON_LIGHT D",
            "NEON_DEF1D": "NEON_LIGHT D",
            "NEON_DEF2D": "NEON_LIGHT D",
            "NEON_DEF3D": "NEON_LIGHT D",
            "LED_SGL": "SINGLE_LED",
            "SINGLE_LED1": "SINGLE_LED",
            "SINGLE_LED2": "SINGLE_LED",
            "SINGLE_LED3": "SINGLE_LED",
            "LED_D_SGL": "SINGLE_LED D",
            "SINGLE_LED1D": "SINGLE_LED D",
            "SINGLE_LED2D": "SINGLE_LED D",
            "SINGLE_LED3D": "SINGLE_LED D",
            "GAS_LIGHT": "GAS LIGHT",
            "GAS_LIGHT_SGL": "GAS LIGHT",
            "GAS_LIGHT1": "GAS LIGHT",
            "GAS_LIGHT2": "GAS LIGHT",
            "GAS_LIGHT3": "GAS LIGHT",
            "GAS_LIGHTD": "GAS_LIGHT D",
            "GAS_LIGHTD_SGL": "GAS_LIGHT D",
            "GAS_LIGHT1D": "GAS_LIGHT D",
            "GAS_LIGHT2D": "GAS_LIGHT D",
            "GAS_LIGHT3D": "GAS_LIGHT D",
            "SKIP_ROOM": "#000000"
        },
        "Const": {},
        "GasLights": {
            "NEON_LIGHT": "NEON_LIGHT",
            "NEON_LIGHT_SGL": "NEON_LIGHT",
            "NEON_LIGHT1": "NEON_LIGHT",
            "NEON_LIGHT2": "NEON_LIGHT",
            "NEON_LIGHT3": "NEON_LIGHT",
            "NEON_LIGHTD": "NEON_LIGHT D",
            "NEON_LIGHTD_SGL": "NEON_LIGHT D",
            "NEON_LIGHT1D": "NEON_LIGHT D",
            "NEON_LIGHT2D": "NEON_LIGHT D",
            "NEON_LIGHT3D": "NEON_LIGHT D",
            "NEON_LIGHTM": "NEON_LIGHT M",
            "NEON_LIGHTM_SGL": "NEON_LIGHT M",
            "NEON_LIGHT1M": "NEON_LIGHT M",
            "NEON_LIGHT2M": "NEON_LIGHT M",
            "NEON_LIGHT3M": "NEON_LIGHT M",
            "NEON_LIGHTL": "#464650",
            "NEON_LIGHTL_SGL": "#464650",
            "NEON_LIGHT1L": "#464650",
            "NEON_LIGHT2L": "#464650",
            "NEON_LIGHT3L": "#464650",
            "NEON_DEF_D": "NEON_LIGHT D",
            "NEON_DEF_D_SGL": "NEON_LIGHT D",
            "NEON_DEF1D": "NEON_LIGHT D",
            "NEON_DEF2D": "NEON_LIGHT D",
            "NEON_DEF3D": "NEON_LIGHT D",
            "GAS_LIGHT": "GAS LIGHT",
            "GAS_LIGHT_SGL": "GAS LIGHT",
            "GAS_LIGHT1": "GAS LIGHT",
            "GAS_LIGHT2": "GAS LIGHT",
            "GAS_LIGHT3": "GAS LIGHT",
            "GAS_LIGHTD": "GAS_LIGHT D",
            "GAS_LIGHTD_SGL": "GAS_LIGHT D",
            "GAS_LIGHT1D": "GAS_LIGHT D",
            "GAS_LIGHT2D": "GAS_LIGHT D",
            "GAS_LIGHT3D": "GAS_LIGHT D"
        }
    },
    "old_effect": "ROOM_DARK",
    "group_name": "Group001",
    "autoconnect": true,
    "lastSound": 0,
    "lastSoundImpuls": 200,
    "startcmdcb": false,
    "startcmd_filename": " ",
    "ArduinoTypeName": "ESP32",
    "ArduinoTypeNumber": 2,
    "Z21Data": {
        "0": {
            "serportname": "NO DEVICE",
            "dcc_start": 1,
            "dcc_end": 9999
        },
        "1": {
            "serportname": "NO DEVICE",
            "dcc_start": 1,
            "dcc_end": 9999
        },
        "2": {
            "serportname": "NO DEVICE",
            "dcc_start": 1,
            "dcc_end": 9999
        }
    },
    "lastservo_channel": 1,
    "DCC BaseAddress": 100,
    "ServoAddress": 0,
    "ServoChannel": 0,
    "SoundAddress": 0,
    "SoundImpulsLength": 200,
    "Sound_RED": 8,
    "Sound_GREEN": 3,
    "Sound_BLUE": 6,
    "baudratenumber": 0,
    "ARDUINOMessage": 0,
    "Autoconnect": 0,
    "ARDUINOShowAll": false,
    "ARDUINOTakeOver": true,
    "UseZ21Data": false,
    "ARDUINOBlink": false,
    "MLLDigSysName": "Kein System",
    "MLLDigSysNumber": 0,
    "Baudrate": "115200",
    "FontTitle": 12,
    "FontLabel": 8,
    "FontSpinbox": 8,
    "FontScale": 8,
    "RMbusTimer": 0,
    "LEDchannel": 2
}