{
  "additionalFiles": "..,..,..,..,..,..,..,..,..,..",
  "builtInLibrariesFolders": "C:\\Program Files (x86)\\Arduino\\libraries",
  "builtInToolsFolders": "C:\\Program Files (x86)\\Arduino\\tools-builder,C:\\Program Files (x86)\\Arduino\\hardware\\tools\\avr,C:\\Users\\Harold\\AppData\\Local\\Arduino15\\packages",
  "compiler.optimization_flags": "",
  "customBuildProperties": "programmer=arduino:arduinoisp,build.path=Arduino_Build_LEDs_AutoProg,build.warn_data_percentage=75,runtime.tools.arduinoOTA.path=C:\\Program Files (x86)\\Arduino\\hardware\\tools\\avr,runtime.tools.arduinoOTA-1.3.0.path=C:\\Program Files (x86)\\Arduino\\hardware\\tools\\avr,runtime.tools.avr-gcc.path=C:\\Program Files (x86)\\Arduino\\hardware\\tools\\avr,runtime.tools.avr-gcc-7.3.0-atmel3.6.1-arduino7.path=C:\\Program Files (x86)\\Arduino\\hardware\\tools\\avr,runtime.tools.avrdude.path=C:\\Users\\Harold\\AppData\\Local\\Arduino15\\packages\\arduino\\tools\\avrdude\\6.3.0-arduino17,runtime.tools.avrdude-6.3.0-arduino17.path=C:\\Users\\Harold\\AppData\\Local\\Arduino15\\packages\\arduino\\tools\\avrdude\\6.3.0-arduino17",
  "fqbn": "arduino:avr:nano:cpu=atmega328",
  "hardwareFolders": "C:\\Program Files (x86)\\Arduino\\hardware,C:\\Users\\Harold\\AppData\\Local\\Arduino15\\packages",
  "otherLibrariesFolders": "C:\\Users\\Harold\\Documents\\Arduino\\libraries",
  "runtime.ide.version": "10813",
  "sketchLocation": "d:\\data\\Development\\python\\ARDUINO\\MobaLedLib\\Ver_2.1.2\\DCCInterface.cpp"
}