{
    "serportnumber": 3,
    "serportname": "COM3",
    "baudrate": "115200",
    "maxLEDcount": 200,
    "lastLedCount": 1,
    "lastLed": 1,
    "pos_x": 0,
    "pos_y": 0,
    "colorview": 1,
    "startpage": 3,
    "startpagename": "StartPage",
    "led_correction_r": 255,
    "led_correction_g": 176,
    "led_correction_b": 210,
    "use_led_correction": true,
    "old_color": "#333308",
    "palette": {
        "ROOM_COL0": "#0F0D03",
        "ROOM_COL1": "#162C1B",
        "ROOM_COL2": "#9B4905",
        "ROOM_COL3": "#271201",
        "ROOM_COL4": "#1E0000",
        "ROOM_COL5": "#4F2707",
        "GAS_LIGHT D": "#323232",
        "GAS LIGHT": "#FFFFFF",
        "NEON_LIGHT D": "#14141B",
        "NEON_LIGHT M": "#464650",
        "NEON_LIGHT": "#F5F5FF",
        "ROOM_TV0 A": "#323214",
        "ROOM_TV0 B": "#46461E",
        "ROOM_TV1 A": "#323208",
        "ROOM_TV1 B": "#323208",
        "SINGLE_LED": "#FFFFFF",
        "SINGLE_LED D": "#323232"
    },
    "effectpalette": {
        "House": {
            "ROOM_DARK": "#323232",
            "ROOM_BRIGHT": "#FFFFFF",
            "ROOM_WARM_W": "#934D08",
            "ROOM_RED": "#FF0000",
            "ROOM_D_RED": "#320009",
            "ROOM_COL0": "ROOM_COL0",
            "ROOM_COL1": "ROOM_COL1",
            "ROOM_COL2": "ROOM_COL2",
            "ROOM_COL3": "ROOM_COL3",
            "ROOM_COL4": "ROOM_COL4",
            "ROOM_COL5": "ROOM_COL5",
            "ROOM_COL345": "ROOM_COL3",
            "FIRE": "#000000",
            "FIRED": "#000000",
            "FIREB": "#000000",
            "ROOM_CHIMNEY": "#000000",
            "ROOM_CHIMNEYD": "#000000",
            "ROOM_CHIMNEYB": "#000000",
            "ROOM_TV0": "ROOM_TV0 A",
            "ROOM_TV0_CHIMNEY": "ROOM_TV0 A",
            "ROOM_TV0_CHIMNEYD": "ROOM_TV0 A",
            "ROOM_TV0_CHIMNEYB": "ROOM_TV0 A",
            "ROOM_TV1": "ROOM_TV1 A",
            "ROOM_TV1_CHIMNEY": "ROOM_TV1 A",
            "ROOM_TV1_CHIMNEYD": "ROOM_TV1 A",
            "ROOM_TV1_CHIMNEYB": "ROOM_TV1 A",
            "NEON_LIGHT": "NEON_LIGHT",
            "NEON_LIGHT_SGL": "NEON_LIGHT",
            "NEON_LIGHTD": "NEON_LIGHT D",
            "NEON_LIGHTD_SGL": "NEON_LIGHT D",
            "NEON_LIGHTM": "NEON_LIGHT M",
            "NEON_LIGHTM_SGL": "NEON_LIGHT M",
            "NEON_LIGHTL": "#464650",
            "NEON_LIGHTL_SGL": "#464650",
            "NEON_DEF_D": "NEON_LIGHT D",
            "NEON_DEF_D_SGL": "NEON_LIGHT D",
            "LED_SGL": "SINGLE_LED",
            "LED_D_SGL": "SINGLE_LED D",
            "GAS_LIGHT": "GAS LIGHT",
            "GAS_LIGHT_SGL": "GAS LIGHT",
            "GAS_LIGHTD": "GAS_LIGHT D",
            "GAS_LIGHTD_SGL": "GAS_LIGHT D",
            "SKIP_ROOM": "#000000"
        },
        "Const": {},
        "GasLights": {
            "NEON_LIGHT": "NEON_LIGHT",
            "NEON_LIGHT_SGL": "NEON_LIGHT",
            "NEON_LIGHTD": "NEON_LIGHT D",
            "NEON_LIGHTD_SGL": "NEON_LIGHT D",
            "NEON_LIGHTM": "NEON_LIGHT M",
            "NEON_LIGHTM_SGL": "NEON_LIGHT M",
            "NEON_LIGHTL": "#464650",
            "NEON_LIGHTL_SGL": "#464650",
            "NEON_DEF_D": "NEON_LIGHT D",
            "NEON_DEF_D_SGL": "NEON_LIGHT D",
            "GAS_LIGHT": "GAS LIGHT",
            "GAS_LIGHT_SGL": "GAS LIGHT",
            "GAS_LIGHTD": "GAS_LIGHT D",
            "GAS_LIGHTD_SGL": "GAS_LIGHT D"
        }
    },
    "old_effect": "LED_SGL",
    "group_name": "Group001",
    "autoconnect": true,
    "lastSound": 0,
    "lastSoundImpuls": 200,
    "startcmdcb": false,
    "startcmd_filename": "C:/Program Files (x86)/Arduino/arduino_debug.exe",
    "ArduinoTypeName": "Uno",
    "ArduinoTypeNumber": 2,
    "": 0,
    "Z21Data": {
        "0": {
            "serportname": "NO DEVICE",
            "serportnumber": 0,
            "dcc_start": 1,
            "dcc_end": 9999
        },
        "1": {
            "serportname": "NO DEVICE",
            "serportnumber": 0,
            "dcc_start": 1,
            "dcc_end": 9999
        },
        "2": {
            "serportname": "NO DEVICE",
            "serportnumber": 0,
            "dcc_start": 1,
            "dcc_end": 9999
        },
        "3": {
            "serportname": "NO DEVICE",
            "serportnumber": 0,
            "dcc_start": 1,
            "dcc_end": 9999
        }
    },
    "lastservo_channel": 1,
    "DCC BaseAddress": 100,
    "ServoAddress": 105,
    "ServoChannel": 2,
    "SoundAddress": 0,
    "SoundImpulsLength": 200,
    "Sound_RED": 8,
    "Sound_GREEN": 3,
    "Sound_BLUE": 6,
    "L": "error",
    "o": 3,
    "LoggingLevelName": "debug",
    "LoggingLevelNumber": 0,
    "StartFileParams": "\"LEDs_AutoProg.ino\" --upload --port \\\\.\\COM3 --board arduino:avr:uno --pref programmer=arduino:arduinoisp --pref build.path=\"%APPDATA%\\..\\Arduino_Build_LEDs_AutoProg\" --preserve-temp-files"
}