{
  "additionalFiles": "..\\..\\..,..\\..\\..,..\\..\\..,..\\..\\..,..\\..\\..,..\\..\\..,..\\..\\..,..\\..\\..,..\\..\\..,..\\..\\..,..,..,..,..,..,..,..",
  "builtInLibrariesFolders": "C:\\Program Files (x86)\\Arduino\\libraries",
  "customBuildProperties": "programmer=arduino:arduinoisp,build.path=Arduino_Build_LEDs_AutoProg,build.warn_data_percentage=75,runtime.tools.arduinoOTA.path=C:\\Program Files (x86)\\Arduino\\hardware\\tools\\avr,runtime.tools.arduinoOTA-1.3.0.path=C:\\Program Files (x86)\\Arduino\\hardware\\tools\\avr,runtime.tools.avr-gcc.path=C:\\Program Files (x86)\\Arduino\\hardware\\tools\\avr,runtime.tools.avr-gcc-7.3.0-atmel3.6.1-arduino5.path=C:\\Program Files (x86)\\Arduino\\hardware\\tools\\avr,runtime.tools.avrdude.path=C:\\Program Files (x86)\\Arduino\\hardware\\tools\\avr,runtime.tools.avrdude-6.3.0-arduino17.path=C:\\Program Files (x86)\\Arduino\\hardware\\tools\\avr",
  "fqbn": "arduino:avr:nano:cpu=atmega328",
  "hardwareFolders": "C:\\Program Files (x86)\\Arduino\\hardware",
  "otherLibrariesFolders": "C:\\Users\\Harold\\Documents\\Arduino\\libraries",
  "runtime.ide.version": "10810",
  "sketchLocation": "c:\\Users\\Harold\\Documents\\python\\ARDUINO\\MobaLedLib_1.0.1\\LEDs_AutoProg\\LEDs_AutoProg.h",
  "toolsFolders": "C:\\Program Files (x86)\\Arduino\\tools-builder,C:\\Program Files (x86)\\Arduino\\hardware\\tools\\avr"
}